{
    "Best Hand": {
        "2": {
            "theta0": -1.4621373728332638,
            "theta1": 0.0543584527124695
        },
        "3": {
            "theta0": -0.7098407044016503,
            "theta1": -0.037702729969060336
        },
        "1": {
            "theta0": -0.9585921412324006,
            "theta1": 0.0641666089527798
        },
        "0": {
            "theta0": -1.3590856954030226,
            "theta1": -0.07885907491665756
        }
    },
    "Arithmancy": {
        "2": {
            "theta0": -1.4535998607398228,
            "theta1": 0.00242031142963843
        },
        "3": {
            "theta0": -0.6978818474958878,
            "theta1": 0.08242460885264427
        },
        "1": {
            "theta0": -0.9702598636781903,
            "theta1": -0.05812827247058697
        },
        "0": {
            "theta0": -1.3679799756566862,
            "theta1": -0.043584158028115126
        }
    },
    "Astronomy": {
        "2": {
            "theta0": -2.582820857922911,
            "theta1": -2.0335296516679304
        },
        "3": {
            "theta0": -1.4631665024879108,
            "theta1": 2.067153506665829
        },
        "1": {
            "theta0": -1.8992026825246393,
            "theta1": -2.108162734316246
        },
        "0": {
            "theta0": -2.0430244503221506,
            "theta1": 1.6276571654500067
        }
    },
    "Herbology": {
        "2": {
            "theta0": -2.429356614715421,
            "theta1": -1.8548126432941905
        },
        "3": {
            "theta0": -1.204587300459632,
            "theta1": 1.6628657784584706
        },
        "1": {
            "theta0": -1.4820008529453395,
            "theta1": 1.559824563127087
        },
        "0": {
            "theta0": -2.297104854489697,
            "theta1": -1.8768370201642717
        }
    },
    "Defense Against the Dark Arts": {
        "2": {
            "theta0": -2.560196711549255,
            "theta1": 2.008343698673156
        },
        "3": {
            "theta0": -1.4555999246719424,
            "theta1": -2.0711423206385824
        },
        "1": {
            "theta0": -1.8964365765815783,
            "theta1": 2.1189550358704277
        },
        "0": {
            "theta0": -2.072519464560486,
            "theta1": -1.6400583766561472
        }
    },
    "Divination": {
        "2": {
            "theta0": -3.41820689265642,
            "theta1": -3.9791479871432984
        },
        "3": {
            "theta0": -0.9257801283341707,
            "theta1": 1.0584721821417213
        },
        "1": {
            "theta0": -1.152294816287504,
            "theta1": 0.9495729062268702
        },
        "0": {
            "theta0": -1.5356225331543354,
            "theta1": 0.8606294538163658
        }
    },
    "Muggle Studies": {
        "2": {
            "theta0": -1.668314654524291,
            "theta1": -0.8933501079099981
        },
        "3": {
            "theta0": -0.9802881950441317,
            "theta1": -1.2365089458164513
        },
        "1": {
            "theta0": -2.502961476841646,
            "theta1": 4.261184743899917
        },
        "0": {
            "theta0": -1.7026489681503407,
            "theta1": -1.1342486888991579
        }
    },
    "Ancient Runes": {
        "2": {
            "theta0": -2.1147264082029915,
            "theta1": -1.5155067794007304
        },
        "3": {
            "theta0": -1.4086621981345582,
            "theta1": -2.0415138505847303
        },
        "1": {
            "theta0": -1.7724134736045405,
            "theta1": 2.0030920574996944
        },
        "0": {
            "theta0": -2.1696735748410076,
            "theta1": 1.7553144232258036
        }
    },
    "History of Magic": {
        "2": {
            "theta0": -1.6253498432133227,
            "theta1": 0.7684582305042464
        },
        "3": {
            "theta0": -0.8781286166436723,
            "theta1": 0.9568605470909989
        },
        "1": {
            "theta0": -1.1056302331545802,
            "theta1": 0.801868189054463
        },
        "0": {
            "theta0": -3.4583281814857814,
            "theta1": -3.9338806800965402
        }
    },
    "Transfiguration": {
        "2": {
            "theta0": -1.754255505080488,
            "theta1": 1.0290395400170111
        },
        "3": {
            "theta0": -0.8645172168504703,
            "theta1": 0.9379321270066678
        },
        "1": {
            "theta0": -1.148301269525829,
            "theta1": 0.933057696270218
        },
        "0": {
            "theta0": -3.2827963039121073,
            "theta1": -4.054191130358422
        }
    },
    "Potions": {
        "2": {
            "theta0": -2.6016674555633226,
            "theta1": 2.241783757422911
        },
        "3": {
            "theta0": -0.7707195942641433,
            "theta1": -0.5123566894264087
        },
        "1": {
            "theta0": -0.9868098984581136,
            "theta1": 0.46062247955287566
        },
        "0": {
            "theta0": -1.9717573036183484,
            "theta1": -1.624007878740164
        }
    },
    "Care of Magical Creatures": {
        "2": {
            "theta0": -1.4708548303311424,
            "theta1": -0.1064082716487202
        },
        "3": {
            "theta0": -0.7126685353566946,
            "theta1": 0.037761501968267906
        },
        "1": {
            "theta0": -0.9628902597943363,
            "theta1": 0.12736468701448497
        },
        "0": {
            "theta0": -1.3490936169376855,
            "theta1": -0.10680875874004536
        }
    },
    "Charms": {
        "2": {
            "theta0": -1.895061482946563,
            "theta1": -1.269214397195247
        },
        "3": {
            "theta0": -0.714250520696028,
            "theta1": -0.16376849847825622
        },
        "1": {
            "theta0": -3.0747983045433727,
            "theta1": 4.498405254307366
        },
        "0": {
            "theta0": -3.3898063458516985,
            "theta1": -3.4843804433894627
        }
    },
    "Flying": {
        "2": {
            "theta0": -3.309028707106454,
            "theta1": -3.5499301419845564
        },
        "3": {
            "theta0": -0.7558669718707853,
            "theta1": -0.5011021288423364
        },
        "1": {
            "theta0": -0.9930910416316779,
            "theta1": -0.39458183499467053
        },
        "0": {
            "theta0": -3.7255106823699613,
            "theta1": 4.3591515975629385
        }
    }
}