{
    "Best Hand": {
        "3": [
            69.27101548141385,
            10.777937803820151
        ],
        "2": [
            69.27101548141385,
            10.777937803820151
        ],
        "1": [
            69.27101548141385,
            10.777937803820151
        ],
        "0": [
            69.27101548141385,
            10.777937803820151
        ]
    },
    "Herbology": {
        "3": [
            36.92780595677385,
            9.19384870615373
        ],
        "2": [
            26.92780595677385,
            9.19384870615373
        ],
        "1": [
            16.92780595677385,
            9.19384870615373
        ],
        "0": [
            0.92780595677385,
            9.19384870615373
        ]
    },
    "Defense Against the Dark Arts": {
        "3": [
            71.97621586601674,
            -4.268156536711206
        ],
        "2": [
            71.97621586601674,
            -4.268156536711206
        ],
        "1": [
            71.97621586601674,
            -4.268156536711206
        ],
        "0": [
            71.97621586601674,
            -4.268156536711206
        ]
    },
    "Divination": {
        "3": [
            85.30505419152423,
            -4.05817858103022
        ],
        "2": [
            85.30505419152423,
            -4.05817858103022
        ],
        "1": [
            85.30505419152423,
            -4.05817858103022
        ],
        "0": [
            85.30505419152423,
            -4.05817858103022
        ]
    },
    "Muggle Studies": {
        "3": [
            59.74301644756489,
            -0.07268344861033531
        ],
        "2": [
            59.74301644756489,
            -0.07268344861033531
        ],
        "1": [
            59.74301644756489,
            -0.07268344861033531
        ],
        "0": [
            59.74301644756489,
            -0.07268344861033531
        ]
    },
    "Ancient Runes": {
        "3": [
            476.3549817579334,
            -0.7735989554179077
        ],
        "2": [
            476.3549817579334,
            -0.7735989554179077
        ],
        "1": [
            476.3549817579334,
            -0.7735989554179077
        ],
        "0": [
            476.3549817579334,
            -0.7735989554179077
        ]
    },
    "History of Magic": {
        "3": [
            54.45679003085046,
            11.793773709576083
        ],
        "2": [
            54.45679003085046,
            11.793773709576083
        ],
        "1": [
            54.45679003085046,
            11.793773709576083
        ],
        "0": [
            54.45679003085046,
            11.793773709576083
        ]
    },
    "Transfiguration": {
        "3": [
            -1141.292596943702,
            1.1952045917001006
        ],
        "2": [
            -1141.292596943702,
            1.1952045917001006
        ],
        "1": [
            -1141.292596943702,
            1.1952045917001006
        ],
        "0": [
            -1141.292596943702,
            1.1952045917001006
        ]
    },
    "Potions": {
        "3": [
            30.69565074878175,
            7.07994990030313
        ],
        "2": [
            30.69565074878175,
            7.07994990030313
        ],
        "1": [
            30.69565074878175,
            7.07994990030313
        ],
        "0": [
            30.69565074878175,
            7.07994990030313
        ]
    },
    "Charms": {
        "3": [
            130.69825868467697,
            0.23000054597852573
        ],
        "2": [
            130.69825868467697,
            0.23000054597852573
        ],
        "1": [
            130.69825868467697,
            0.23000054597852573
        ],
        "0": [
            130.69825868467697,
            0.23000054597852573
        ]
    },
    "Flying": {
        "3": [
            102.5054400876205,
            -0.5484654284923995
        ],
        "2": [
            102.5054400876205,
            -0.5484654284923995
        ],
        "1": [
            102.5054400876205,
            -0.5484654284923995
        ],
        "0": [
            102.5054400876205,
            -0.5484654284923995
        ]
    }
}